N,e,w, ,e,x,p,e,r,i,m,e,n,t
N,e,w, ,e,x,p,e,r,i,m,e,n,t
N,e,w, ,e,x,p,e,r,i,m,e,n,t
N,e,w, ,e,x,p,e,r,i,m,e,n,t
N,e,w, ,e,x,p,e,r,i,m,e,n,t
N,e,w, ,e,x,p,e,r,i,m,e,n,t
N,e,w, ,e,x,p,e,r,i,m,e,n,t
N,e,w, ,e,x,p,e,r,i,m,e,n,t
N,e,w, ,e,x,p,e,r,i,m,e,n,t
N,e,w, ,e,x,p,e,r,i,m,e,n,t
N,e,w, ,e,x,p,e,r,i,m,e,n,t
N,e,w, ,e,x,p,e,r,i,m,e,n,t
N,e,w, ,e,x,p,e,r,i,m,e,n,t
N,e,w, ,e,x,p,e,r,i,m,e,n,t
N,e,w, ,e,x,p,e,r,i,m,e,n,t
N,e,w, ,e,x,p,e,r,i,m,e,n,t
N,e,w, ,e,x,p,e,r,i,m,e,n,t
N,e,w, ,e,x,p,e,r,i,m,e,n,t
N,e,w, ,e,x,p,e,r,i,m,e,n,t
N,e,w, ,e,x,p,e,r,i,m,e,n,t
N,e,w, ,e,x,p,e,r,i,m,e,n,t
N,e,w, ,e,x,p,e,r,i,m,e,n,t
N,e,w, ,e,x,p,e,r,i,m,e,n,t
